{
  "title": "main",
  "description": "",
  "variables": {
    "Entity_Variable": {
      "type": "EntityTypeInput"
    }
  },
  "metadata": {},
  "types": {
    "@decorators.EntityTypeInput": {
      "endpoint": "postIcApiIntegrationV1FlowsRestFEEDBACK_FORM_INT1_0Get_Inputs_from_vbcs",
      "service": "feedback",
      "path": "request"
    },
    "EntityTypeInput": {
      "email": "string",
      "feedback": "string",
      "name": "string"
    }
  },
  "eventListeners": {
    "btnSubmitAction": {
      "chains": [
        {
          "chain": "ButtonActionChain",
          "parameters": {
            "event": "{{$event}}",
            "originalEvent": "{{$event.detail.originalEvent}}"
          }
        }
      ]
    }

  },
  "imports": {
    "components": {
      "oj-button": {
        "path": "ojs/ojbutton"
      },
      "oj-input-text": {
        "path": "ojs/ojinputtext"
      }
   }
  },
  "events": {}
}