{
    "openapi": "3.0.0",
    "info": {
        "title": "Vbprocess",
        "version": "1.0.0"
    },
    "servers": [
        {
            "url": "vb-catalog://backends/vbprocess",
            "description": "Vbprocess"
        }
    ],
    "paths": {
        "/ic/api/integration/v1/flows/rest/FEEDBACK_FORM_INT/1.0/get_Inputs_from_vbcs": {
            "post": {
                "operationId": "postIcApiIntegrationV1FlowsRestFEEDBACK_FORM_INT1_0Get_Inputs_from_vbcs",
                "requestBody": {
                    "content": {
                        "application/json": {
                            "schema": {
                                "$ref": "#/components/schemas/PostIcApiIntegrationV1FlowsRestFEEDBACK_FORM_INT1_0Get_Inputs_from_vbcsRequest"
                            },
                            "examples": {
                                "vb": {
                                    "summary": "Example stored by VB User",
                                    "externalValue": "./examples/postIcApiIntegrationV1FlowsRestFEEDBACK_FORM_INT1_0Get_Inputs_from_vbcs/request_application_json_vb.json"
                                }
                            }
                        }
                    }
                },
                "responses": {
                    "default": {
                        "description": "Response for default",
                        "content": {
                            "application/json": {
                                "examples": {
                                    "vb": {
                                        "summary": "Example stored by VB User",
                                        "externalValue": "./examples/postIcApiIntegrationV1FlowsRestFEEDBACK_FORM_INT1_0Get_Inputs_from_vbcs/response_default_application_json_vb.json"
                                    }
                                }
                            }
                        }
                    }
                },
                "x-vb": {
                    "actionHint": "getMany"
                }
            }
        }
    },
    "components": {
        "schemas": {
            "PostIcApiIntegrationV1FlowsRestFEEDBACK_FORM_INT1_0Get_Inputs_from_vbcsRequest": {
                "type": "object",
                "properties": {
                    "name": {
                        "type": "string"
                    },
                    "email": {
                        "type": "string"
                    },
                    "feedback": {
                        "type": "string"
                    }
                }
            }
        }
    }
}