{
    "backends": {
        "vbprocess": {
            "serviceType": "vbprocess",
            "servers": [
                {
                    "url": "vb-catalog://backends.tenant/vbprocess",
                    "description": "Overridden Process Server",
                    "x-vb": {
                        "authentication": {
                            "authenticated": {
                                "type": "basic",
                                "credentials": "vb_94932e4b-03a0-459e-bb3c-747d6d8a20e2"
                            }
                        },
                        "anonymousAccess": false
                    }
                },
                {
                    "url": "vb-catalog://backends/ics",
                    "description": "Default Server",
                    "x-vb": {
                        "authentication": {
                            "authenticated": {
                                "type": "basic",
                                "credentials": "vb_90519adf-0f3c-4fba-838e-2365dec95faa"
                            }
                        },
                        "profiles": [
                            "base_configuration"
                        ]
                    }
                }
            ]
        }
      }
}